No,Filename,Width,Height,AspectRatio,PixelAspectRatio,SourceDisplayRatio,RatioSource,Format,HasTransparentPixels,UsageCount,DisplayRatioVariants,AssetKind,SvgRenderable,PptxNativeSupported,SizeKB,Category
1,bg_new_knowledge_portal_v1.png,1672,941,1.78,1.78,,native,PNG,False,1,,bitmap,True,True,1396.9,Wide landscape
2,bg_three_act_blocks_v1.png,1672,941,1.78,1.78,,native,PNG,False,1,,bitmap,True,True,1178.7,Wide landscape
3,daxian_teacher_mascot_halfbody_v1.png,1097,1434,0.76,0.76,,native,PNG,True,1,,bitmap,True,True,1353.4,Portrait
4,hero_turtle_block_garden.png,1023,1537,0.67,0.67,,native,PNG,False,1,,bitmap,True,True,1442.7,Portrait
5,mascot_turtle_flower.png,1024,1024,1.00,1.00,,native,PNG,False,1,,bitmap,True,True,754.8,Near square
6,mascot_turtle_flower_workshop_v2.png,1122,1402,0.80,0.80,,native,PNG,True,1,,bitmap,True,True,1044.3,Near square
7,mascot_turtle_new_commands_v2.png,1122,1402,0.80,0.80,,native,PNG,True,1,,bitmap,True,True,967.8,Near square
8,ref08_bg_route_blocks_v1.png,1672,941,1.78,1.78,,native,PNG,False,1,,bitmap,True,True,1178.7,Wide landscape
9,ref08_daxian_teacher_mascot_halfbody_v1.png,1097,1434,0.76,0.76,,native,PNG,True,1,,bitmap,True,True,1353.4,Portrait
